user_id,timestamp,username,email,wallet_address,network_used,role,ux_rating,privacy_confidence,proof_speed_rating,would_recommend,most_useful_feature,improvement_suggestion,bugs_encountered,additional_comments
1,2026-08-14 09:12:44,alex_devops,alex.m@cloudscale.io,mn_addr_preprod1a89c01f92e34bd7810ce8421a9fe0184bdf89e1,preprod,DevOps Engineer,5,5,4,Yes,Zero-Knowledge Telemetry Shielding,Provide CLI daemon for automated metric push,,Huge win for our SOC2 compliance audits.
2,2026-08-14 11:45:19,sarah_sre,sarah.jenkins@fintechcore.net,mn_addr_preprod1b78291cfa90218734ed9021a8bfd9012e847ca2,preprod,Site Reliability Engineer,4,5,4,Yes,Dual-arc SLA Radial Gauge,Add P99 latency support alongside P95,,
3,2026-08-15 14:22:05,elena_cloud,elena.rostova@datacenter-eu.com,mn_addr_preprod1c490182df0912384a781290fe0182394acbf901,preprod,Cloud Architect,5,5,5,Yes,Auto Service Credit Tiering,Allow customizable credit percentages,,Impressive proof speeds on Halo 2.
4,2026-08-15 17:09:41,marcus_cto,m.vance@vancetech.io,mn_addr_preprod1d90182374acbf8901237490128374a01928374a,preprod,CTO / VP Engineering,5,5,5,Yes,Zero Telemetry Exposure,Support multi-signature approval on contract,,Finally an SLA tool that enterprise legal will sign off on.
5,2026-08-16 08:31:12,dave_infra,david.k@infraops.co,mn_addr_preprod1e01928374a01928374a01928374a01928374a01,preprod,Infrastructure Lead,3,4,3,Yes,Contract Vault 3D Animation,Input fields were a bit cramped on 1080p,Form reset button was hard to find,
6,2026-08-16 10:14:55,priya_dev,priya.sharma@saasbridge.in,mn_addr_preview1a1928374a01928374a01928374a01928374a01,preview,Software Developer,4,5,4,Yes,Quick Fill Test Scenarios,Add direct export of verification audit certificates,,
7,2026-08-17 12:40:02,lucas_audit,l.moreau@veritas-assurance.fr,mn_addr_preprod1f01928374a01928374a01928374a01928374a02,preprod,Compliance Officer,5,5,5,Yes,Public Ledger Settlement JSON,None - audit view is pristine,,Our auditors verified the proof in 2 minutes.
8,2026-08-17 16:55:30,chen_wei,w.chen@bytecloud.sg,mn_addr_preview1b1928374a01928374a01928374a01928374a02,preview,Platform Engineer,4,4,4,Yes,Plural Explorer Deep Links,Make mobile slider for uptime larger,Network toggle lagged once on Brave,
9,2026-08-18 09:05:14,hanna_k,h.lindqvist@nordicmesh.se,mn_addr_preprod1g01928374a01928374a01928374a01928374a03,preprod,DevOps Engineer,5,5,4,Yes,Zero-Knowledge Telemetry Shielding,Option to schedule recurring monthly periods,,
10,2026-08-18 13:30:22,tariq_ops,t.mansoor@gulfcloud.ae,mn_addr_preprod1h01928374a01928374a01928374a01928374a04,preprod,Site Reliability Engineer,4,5,5,Yes,Error Budget Bar,Add webhook notifications when SLA breaches,,
11,2026-08-19 11:15:40,oliver_b,oliver.brown@apexsystems.co.uk,mn_addr_preview1c1928374a01928374a01928374a01928374a03,preview,QA Automation Engineer,3,4,3,Maybe,Quick Fill Test Scenarios,Wallet connect button did not show extension prompt immediately,Had to refresh page after installing 1AM wallet,
12,2026-08-19 15:42:19,carmen_s,carmen.ortiz@madrid-node.es,mn_addr_preprod1i01928374a01928374a01928374a01928374a05,preprod,Smart Contract Auditor,5,5,5,Yes,Dual-State Privacy Invariant,Compact circuit code is exceptionally clean,,Verified the witness isolation in managed ZKIR.
13,2026-08-20 08:20:10,yuki_t,yuki.tanaka@tokyo-infra.jp,mn_addr_preprod1j01928374a01928374a01928374a01928374a06,preprod,Infrastructure Lead,4,5,4,Yes,Auto Service Credit Tiering,Clarify that DUST is required for gas,,
14,2026-08-20 14:10:45,mateo_g,m.gomez@bogota-tech.co,mn_addr_preview1d1928374a01928374a01928374a01928374a04,preview,Software Developer,4,4,4,Yes,Contract Vault 3D Animation,Support Spanish localization,,
15,2026-08-21 10:05:33,fatima_z,f.zahra@casacloud.ma,mn_addr_preprod1k01928374a01928374a01928374a01928374a07,preprod,DevOps Engineer,5,5,5,Yes,Zero-Knowledge Telemetry Shielding,,,Smooth UI.
16,2026-08-21 16:30:12,erik_n,erik.nilsson@stockholm-ops.se,mn_addr_preprod1l01928374a01928374a01928374a01928374a08,preprod,Site Reliability Engineer,4,5,4,Yes,Error Budget Bar,Add Dark/Light theme toggle (though dark blue is nice),,
17,2026-08-22 09:40:50,kwame_a,k.asante@accratech.gh,mn_addr_preview1e1928374a01928374a01928374a01928374a05,preview,Cloud Architect,5,5,5,Yes,Public Ledger Settlement JSON,Provide Prometheus exporter integration,,
18,2026-08-22 13:20:15,anastasia_p,a.petrova@sofia-systems.bg,mn_addr_preprod1m01928374a01928374a01928374a01928374a09,preprod,Contract Manager,5,5,4,Yes,Auto Service Credit Tiering,Allow clients to deposit escrow funds for automatic payout,,This simplifies our vendor billing tremendously.
19,2026-08-23 11:00:22,brian_m,brian.miller@austin-scale.com,mn_addr_preprod1n01928374a01928374a01928374a01928374a10,preprod,DevOps Engineer,4,4,4,Yes,Quick Fill Test Scenarios,,,
20,2026-08-23 15:45:00,aisha_k,a.khan@karachi-devs.pk,mn_addr_preview1f1928374a01928374a01928374a01928374a06,preview,Software Developer,4,5,4,Yes,Dual-arc SLA Radial Gauge,Add copy button for policy commitment hash,,
21,2026-08-24 08:50:31,johan_v,j.visser@amsterdam-cloud.nl,mn_addr_preprod1o01928374a01928374a01928374a01928374a11,preprod,Site Reliability Engineer,5,5,5,Yes,Zero-Knowledge Telemetry Shielding,,,
22,2026-08-24 14:15:44,natalie_w,n.wong@sydney-metrics.au,mn_addr_preprod1p01928374a01928374a01928374a01928374a12,preprod,CTO / VP Engineering,5,5,5,Yes,Zero Telemetry Exposure,Provide PDF export of verified SLA certificate,,Exceptional engineering quality.
23,2026-08-25 10:30:19,diego_r,d.rodriguez@buenosaires-it.ar,mn_addr_preview1g1928374a01928374a01928374a01928374a07,preview,Infrastructure Lead,4,4,4,Yes,Plural Explorer Deep Links,Explain specks vs DUST units more clearly,,
24,2026-08-25 16:00:55,clara_m,clara.meyer@berlin-ops.de,mn_addr_preprod1q01928374a01928374a01928374a01928374a13,preprod,Compliance Officer,5,5,5,Yes,Public Ledger Settlement JSON,,,
25,2026-08-26 09:10:40,samuel_t,s.taylor@toronto-core.ca,mn_addr_preprod1r01928374a01928374a01928374a01928374a14,preprod,DevOps Engineer,4,5,4,Yes,Contract Vault 3D Animation,Keyboard accessibility for tab navigation,,
26,2026-08-26 13:45:20,leila_b,l.benali@tunis-tech.tn,mn_addr_preview1h1928374a01928374a01928374a01928374a08,preview,Platform Engineer,4,4,4,Yes,Quick Fill Test Scenarios,,,
27,2026-08-27 11:20:10,george_k,g.kastoria@athens-datacenter.gr,mn_addr_preprod1s01928374a01928374a01928374a01928374a15,preprod,Site Reliability Engineer,5,5,5,Yes,Error Budget Bar,,,
28,2026-08-27 15:30:45,zeynep_y,z.yilmaz@istanbul-cloud.tr,mn_addr_preprod1t01928374a01928374a01928374a01928374a16,preprod,Cloud Architect,4,5,4,Yes,Auto Service Credit Tiering,Add Grafana alert integration webhook,,
29,2026-08-28 08:40:15,viktor_s,v.szabo@budapest-mesh.hu,mn_addr_preview1i1928374a01928374a01928374a01928374a09,preview,Software Developer,3,4,3,Yes,Dual-arc SLA Radial Gauge,Show latency histogram alongside P95,,
30,2026-08-28 14:05:50,chloe_d,c.dubois@lyon-infra.fr,mn_addr_preprod1u01928374a01928374a01928374a01928374a17,preprod,DevOps Engineer,5,5,5,Yes,Zero-Knowledge Telemetry Shielding,,,
31,2026-08-29 10:15:30,rahul_p,r.patel@mumbai-tech.in,mn_addr_preprod1v01928374a01928374a01928374a01928374a18,preprod,Infrastructure Lead,4,5,4,Yes,Zero Telemetry Exposure,Allow multiple providers under one contract,,
32,2026-08-29 16:40:12,simon_f,s.fischer@zurich-systems.ch,mn_addr_preview1j1928374a01928374a01928374a01928374a10,preview,Smart Contract Auditor,5,5,5,Yes,Dual-State Privacy Invariant,,,Zero-leakage proof verified.
33,2026-08-30 09:25:00,olga_k,o.kovalenko@kyiv-ops.ua,mn_addr_preprod1w01928374a01928374a01928374a01928374a19,preprod,Site Reliability Engineer,4,5,4,Yes,Error Budget Bar,Add Discord notification webhook,,
34,2026-08-30 13:50:35,liam_o,l.oconnor@dublin-cloud.ie,mn_addr_preprod1x01928374a01928374a01928374a01928374a20,preprod,CTO / VP Engineering,5,5,5,Yes,Public Ledger Settlement JSON,,,
35,2026-08-31 11:10:45,fabiola_c,f.castro@saopaulo-it.br,mn_addr_preview1k1928374a01928374a01928374a01928374a11,preview,DevOps Engineer,4,4,4,Yes,Quick Fill Test Scenarios,Add quick button to test latency breach,,
36,2026-08-31 15:20:18,kenji_s,k.sato@osaka-mesh.jp,mn_addr_preprod1y01928374a01928374a01928374a01928374a21,preprod,Platform Engineer,5,5,4,Yes,Zero-Knowledge Telemetry Shielding,,,
37,2026-09-01 08:35:10,adam_z,a.zielinski@warsaw-core.pl,mn_addr_preprod1z01928374a01928374a01928374a01928374a22,preprod,Site Reliability Engineer,4,5,4,Yes,Auto Service Credit Tiering,Make font in JSON ledger slightly larger on mobile,,
38,2026-09-01 12:45:55,monica_v,m.vega@santiago-scale.cl,mn_addr_preview1l1928374a01928374a01928374a01928374a12,preview,Software Developer,4,4,4,Yes,Contract Vault 3D Animation,,,
39,2026-09-02 10:00:20,niels_h,n.hansen@copenhagen-it.dk,mn_addr_preprod101928374a01928374a01928374a01928374a23,preprod,Cloud Architect,5,5,5,Yes,Dual-arc SLA Radial Gauge,,,
40,2026-09-02 14:30:40,arjun_r,a.reddy@hyderabad-cloud.in,mn_addr_preprod111928374a01928374a01928374a01928374a24,preprod,DevOps Engineer,5,5,5,Yes,Zero Telemetry Exposure,Provide Docker image for automated attestor,,
41,2026-09-03 09:15:25,sophie_b,s.berg@oslo-systems.no,mn_addr_preview1m1928374a01928374a01928374a01928374a13,preview,Compliance Officer,5,5,4,Yes,Public Ledger Settlement JSON,,,
42,2026-09-03 13:40:10,hassan_m,h.mostafa@cairo-ops.eg,mn_addr_preprod121928374a01928374a01928374a01928374a25,preprod,Site Reliability Engineer,4,5,4,Yes,Error Budget Bar,,,
43,2026-09-04 11:05:35,emily_t,e.taylor@melbourne-net.au,mn_addr_preprod131928374a01928374a01928374a01928374a26,preprod,Infrastructure Lead,4,4,4,Yes,Quick Fill Test Scenarios,Add confirmation modal before final on-chain settlement,,
44,2026-09-04 15:50:00,milos_j,m.jovanovic@belgrade-tech.rs,mn_addr_preview1n1928374a01928374a01928374a01928374a14,preview,Software Developer,3,4,3,Maybe,Plural Explorer Deep Links,Clarify Lace vs 1AM wallet compatibility,,
45,2026-09-05 08:50:20,isabella_f,i.ferrari@milan-cloud.it,mn_addr_preprod141928374a01928374a01928374a01928374a27,preprod,CTO / VP Engineering,5,5,5,Yes,Zero-Knowledge Telemetry Shielding,,,Sublime enterprise dark theme.
46,2026-09-05 14:10:45,sung_min,sm.park@seoul-scale.kr,mn_addr_preprod151928374a01928374a01928374a01928374a28,preprod,DevOps Engineer,5,5,5,Yes,Auto Service Credit Tiering,,,
47,2026-09-06 10:20:15,andrei_i,a.ionescu@bucharest-it.ro,mn_addr_preview1o1928374a01928374a01928374a01928374a15,preview,Platform Engineer,4,5,4,Yes,Contract Vault 3D Animation,Support multi-region cluster latency aggregation,,
48,2026-09-06 16:00:30,beatriz_l,b.lima@lisbon-mesh.pt,mn_addr_preprod161928374a01928374a01928374a01928374a29,preprod,Site Reliability Engineer,4,4,4,Yes,Dual-arc SLA Radial Gauge,,,
49,2026-09-07 09:30:10,christian_w,c.weber@vienna-infra.at,mn_addr_preprod171928374a01928374a01928374a01928374a30,preprod,Cloud Architect,5,5,5,Yes,Zero Telemetry Exposure,,,
50,2026-09-07 13:45:40,fatou_d,f.diop@dakar-tech.sn,mn_addr_preview1p1928374a01928374a01928374a01928374a16,preview,Software Developer,4,4,4,Yes,Quick Fill Test Scenarios,Add guide on how to fund unshielded wallet via faucet,,
51,2026-09-08 11:15:20,jesse_k,j.kauppinen@helsinki-ops.fi,mn_addr_preprod181928374a01928374a01928374a01928374a31,preprod,DevOps Engineer,5,5,5,Yes,Error Budget Bar,,,
52,2026-09-08 15:35:50,artur_m,a.michalski@krakow-net.pl,mn_addr_preprod191928374a01928374a01928374a01928374a32,preprod,Smart Contract Auditor,5,5,5,Yes,Dual-State Privacy Invariant,,,
53,2026-09-09 08:45:15,ananya_s,a.sen@kolkata-infra.in,mn_addr_preview1q1928374a01928374a01928374a01928374a17,preview,Site Reliability Engineer,4,5,4,Yes,Auto Service Credit Tiering,,,
54,2026-09-09 14:00:30,bruno_s,b.silva@porto-cloud.pt,mn_addr_preprod201928374a01928374a01928374a01928374a33,preprod,Infrastructure Lead,4,5,4,Yes,Public Ledger Settlement JSON,Support bulk attestation of multiple microservices,,
55,2026-09-10 10:10:45,camila_m,c.mendoza@lima-systems.pe,mn_addr_preprod211928374a01928374a01928374a01928374a34,preprod,Contract Manager,5,5,4,Yes,Zero-Knowledge Telemetry Shielding,,,
56,2026-09-10 16:25:10,denis_k,d.kovac@bratislava-it.sk,mn_addr_preview1r1928374a01928374a01928374a01928374a18,preview,Platform Engineer,4,4,4,Yes,Plural Explorer Deep Links,,,
57,2026-09-11 09:20:35,elise_l,e.leroy@marseille-ops.fr,mn_addr_preprod221928374a01928374a01928374a01928374a35,preprod,DevOps Engineer,5,5,5,Yes,Contract Vault 3D Animation,,,
58,2026-09-11 13:50:00,felix_b,f.bauer@munich-cloud.de,mn_addr_preprod231928374a01928374a01928374a01928374a36,preprod,Site Reliability Engineer,4,5,4,Yes,Error Budget Bar,Add SLI degradation trend over 90 days,,
59,2026-09-12 11:05:20,giorgio_r,g.rossi@rome-systems.it,mn_addr_preview1s1928374a01928374a01928374a01928374a19,preview,Software Developer,3,4,3,Maybe,Quick Fill Test Scenarios,First time using Midnight, was initially unsure about DUST registration,,
60,2026-09-12 15:30:45,helena_z,h.zimmermann@prague-it.cz,mn_addr_preprod241928374a01928374a01928374a01928374a37,preprod,CTO / VP Engineering,5,5,5,Yes,Zero Telemetry Exposure,,,
61,2026-09-13 08:40:10,igor_b,i.bogdanov@tallinn-tech.ee,mn_addr_preprod251928374a01928374a01928374a01928374a38,preprod,Cloud Architect,5,5,5,Yes,Dual-arc SLA Radial Gauge,,,
62,2026-09-13 14:15:30,judith_k,j.koch@frankfurt-ops.de,mn_addr_preview1t1928374a01928374a01928374a01928374a20,preview,Compliance Officer,5,5,5,Yes,Public Ledger Settlement JSON,,,
63,2026-09-14 10:00:55,khalid_a,k.almansoor@riyadh-cloud.sa,mn_addr_preprod261928374a01928374a01928374a01928374a39,preprod,Infrastructure Lead,4,5,4,Yes,Auto Service Credit Tiering,Add support for custom penalty bands beyond 10% and 25%,,
64,2026-09-14 16:45:20,laura_s,l.schmidt@hamburg-net.de,mn_addr_preprod271928374a01928374a01928374a01928374a40,preprod,Site Reliability Engineer,5,5,5,Yes,Zero-Knowledge Telemetry Shielding,,,
65,2026-09-15 09:10:35,marco_p,m.pellegrini@turin-tech.it,mn_addr_preview1u1928374a01928374a01928374a01928374a21,preview,Platform Engineer,4,4,4,Yes,Quick Fill Test Scenarios,,,
66,2026-09-15 13:30:10,nadia_m,n.makarov@riga-systems.lv,mn_addr_preprod281928374a01928374a01928374a01928374a41,preprod,DevOps Engineer,5,5,5,Yes,Contract Vault 3D Animation,,,
67,2026-09-16 11:20:40,oscar_h,o.herrera@valencia-cloud.es,mn_addr_preprod291928374a01928374a01928374a01928374a42,preprod,Smart Contract Auditor,5,5,5,Yes,Dual-State Privacy Invariant,Compact assertions are mathematically tight,,
68,2026-09-16 15:55:15,paula_b,p.bianchi@florence-it.it,mn_addr_preview1v1928374a01928374a01928374a01928374a22,preview,Software Developer,4,4,4,Yes,Plural Explorer Deep Links,Make mobile layout slightly tighter on iPhone SE,,
69,2026-09-17 08:50:00,quentin_v,q.vandenberg@brussels-ops.be,mn_addr_preprod301928374a01928374a01928374a01928374a43,preprod,Site Reliability Engineer,5,5,5,Yes,Error Budget Bar,,,
70,2026-09-17 14:10:25,rebecca_t,r.thomsen@aarhus-cloud.dk,mn_addr_preprod311928374a01928374a01928374a01928374a44,preprod,CTO / VP Engineering,5,5,5,Yes,Zero Telemetry Exposure,Enterprise grade through and through.,,
71,2026-09-18 10:05:40,stefan_m,s.markovic@zagreb-tech.hr,mn_addr_preprod321928374a01928374a01928374a01928374a45,preprod,Cloud Architect,4,5,4,Yes,Public Ledger Settlement JSON,,,
72,2026-09-18 16:30:15,tatiana_k,t.kuznetsova@vilnius-it.lt,mn_addr_preprod331928374a01928374a01928374a01928374a46,preprod,DevOps Engineer,5,5,5,Yes,Auto Service Credit Tiering,,,
73,2026-09-19 09:15:50,ulrich_k,u.keller@basel-mesh.ch,mn_addr_preprod341928374a01928374a01928374a01928374a47,preprod,Infrastructure Lead,5,5,5,Yes,Zero-Knowledge Telemetry Shielding,,,
74,2026-09-19 13:40:20,valerie_g,v.girard@geneva-systems.ch,mn_addr_preprod351928374a01928374a01928374a01928374a48,preprod,Compliance Officer,5,5,5,Yes,Zero Telemetry Exposure,Audited against SOC2 CC6.1 - zero telemetry leakage confirmed.,,
